{
    "channel0": {
        "0": {
            "amplitude": 0.15,
            "frequency": 240.0886,
            "phase": 0,
            "output": true
        },
        "1": {
            "amplitude": 0.15,
            "frequency": 240.0886,
            "phase": 0.5,
            "output": true
        },
        "2": {
            "amplitude": 0.15,
            "frequency": 240.0886,
            "phase": 0.5,
            "output": true
        }
    },
    "channel1": {
        "0": {
            "amplitude": 0.3,
            "frequency": 130,
            "phase": 0,
            "output": true
        },
        "1": {
            "amplitude": 0.3,
            "frequency": 135,
            "phase": 0,
            "output": true
        },
        "2": {
            "amplitude": 0.2,
            "frequency": 137,
            "phase": 0,
            "output": true
        },
        "3": {
            "amplitude": 1,
            "frequency": 244.35200000000003,
            "phase": 0.0,
            "output": true
        }
    },
    "channel2": {
        "0": {
            "amplitude": 0.45,
            "frequency": 145,
            "phase": 0,
            "output": true
        },
        "1": {
            "amplitude": 0.4,
            "frequency": 88.13,
            "phase": 0,
            "output": true
        }
    },
    "channel3": {
        "0": {
            "amplitude": 0.25,
            "frequency": 221,
            "phase": 0,
            "output": true
        },
        "1": {
            "amplitude": 0.25,
            "frequency": 221,
            "phase": 0,
            "output": true
        },
        "2": {
            "amplitude": 0.7,
            "frequency": 237.0622,
            "phase": 0,
            "output": true
        },
        "3": {
            "amplitude": 0.7,
            "frequency": 235.80200000000002,
            "phase": 0.0,
            "output": true
        }
    }
}