{
    "code": {
        "Laser3432p0": 259,
        "Laser3432p0N935": 4194563,
        "Laser3432p1": 8388867,
        "Laser3432p2": 8405251,
        "Laser3432p4": 16777475,
        "Laser3432976": 323,
        "free3432": 8388611,
        "freeNE3432": 147459,
        "freeNE3432p2": 8536067,
        "freeNE3432p4": 16908291,
        "freeNEn9353432":4341763,
        "freeNEn9353432p1": 12713987,
        "freeNEn9353432p2": 12730371,
        "freeNEn9353432p4": 21102595,
        "freeShutter3432": 2113539,
        "coolingN3432": 2113536,
        "coolingNMWF3432": 35667968,
        "coolingNMWFamp03432":33570816,
        "symcoolingNMWF3432": 35700740,
        "symcoolingN3432": 2146308,
        "symcoolingPumpDN3432": 2146372,
        "symcoolingNMWFamp03432":33603588,
        "freedet": 7,
        "freedetN3432": 2113543,
        "coolingN3432411": 2899968,
        "freep411": 524288,
        "freeN411": 786432,
        "coolingamp03432": 16384,
        "coolingamp03432with976": 16448,
        "coolingN935": 4194308,
        "pumpingN935": 4227081,
        "free935": 4194307,
        "freeNE":131075,
        "freeNEn935": 4325379,
        "freeNEm411": 393219,
        "freem411": 262147,
        "freeNEp411": 655363,
        "freeNEmn935": 4587523,
        "freeNEpn935": 4849667,
        "LaserNE3432": 131331,
        "LaserNEn9353432": 4325635,
        "LaserNEn9353432p1": 12714243,
        "LaserNEn9353432p2": 12730627,
        "LaserNEn9353432p4": 21102851,
        "Frepump": 320,
        "Laser411i1": 35,
        "PumpD3halves": 4096,
        "tickle": 4099,
        "SDF411": 4131,
        "AOD1": 1027,
        "individual411": 1059,
        "AOD2": 16387,
        "AODboth": 17414,
        "MW411ACS": 51,
        "GlobalConv2": 515,
        "GlobalConv2N935": 4194819,
        "GlobalConvm2": 262659,
        "GlobalAWG1": 65539,
        "GlobalNconv2": 131587,
        "GlobalNconvm2": 393731,
        "GlobalNconvp2": 655875,
        "GlobalNconv1": 196611,
        "GlobalConv1": 65539,
        "GlobalNconvN935": 4325891,
        "GlobalNconvpN935": 4850179,
        "GlobalNconvmN935": 4588035,
        "Laser411-2": 1059,
        "Laser411-3": 1571,
        "Laser411-4": 2083,
        "Laser4113432": 291,
        "Laser976": 67,
        "coolingwith976": 64,
        "Microwave0": 19,
        "Microwave1": 8211,
        "Microwave2": 147,
        "Microwave0N935": 4194323,
        "Microwave1N935": 4202515,
        "Microwave2N935": 4194451,
        "MicrowaveF": 1048579,
        "MicrowaveFN3432": 3162115,
        "MicrowaveFamp03432": 1064963,
        "MicrowaveFp1": 34603011,
        "MicrowaveFp2": 68157443,
        "MicrowaveFamp03432p2": 68173827,
        "freeMWFp1": 33554435,
        "freeMWFp2": 67108867,
        "freeMWp1": 8195,
        "freeMWp2": 131,
        "freeMWp1N935": 4202499,
        "freeMWp2N935": 4194435,
        "freeMWp3":8323,
        "MW0": 16403,
        "MW1": 24595,
        "MW2": 16531,
        "SBCrepump": 333,
        "SBCrepumpNE": 131405,
        "cooling": 0,
        "detectioncooling": 4,
        "detection": 5,
        "ccddet": 5,
        "ccddetcooling": 4,
        "ccddetcoolingN3432": 2115340,
        "ccddetcoolingdebug": 132,
        "detectionfree": 3,
        "free": 3,
        "free370": 16387,
        "Global411-no-trig": 3,
        "idle": 0,
        "pumping": 32777,
        "test-ch11": 1024,
        "testch14": 8192,
        "testch17": 65536,
        "testch18": 131072,
        "testch19": 262144,
        "testch21": 1048576,
        "CCD": 2055,
        "CCDN3432": 2115591,
        "CCDN935": 4196359,
        "EITpumpcal":134217731,
        "EITprobecal":268435459,
        "ccddetEITspectrum":402653186,
        "EITcooling":402653186,
        "EITcoolingN3432": 402669570
    },

    "CCDdetCode": [
        "ccddet",
        "ccddetcooling",
        "ccddetcoolingN3432"
    ],

    "spellCombo": {
        "Cooling": [
            "detectioncooling(1000)"
        ],
        "Pumping": [
            "cooling(2000)",
            "free(1)",
            "pumping(20)",
            "free(1)",
            "detection(400)"
        ],
        "detection": [
            "Frepump(2000)",
            "free(1)",
            "detection(400)"
        ],
        "detectionCooling": [
            "Frepump(2000)",
            "free(1)",
            "detectioncooling(400)"
        ],
        "trapfreq": [
            "cooling(5000)",
            "testch14(500)",
            "detection(400)"
        ],
        "MW": [
            "cooling(2000)",
            "free(1)",
            "pumping(20)",
            "free(1)",
            "*Microwave0(50)",
            "free(1)",
            "detection(400)"
        ],
        "MWRamsey": [
            "cooling(2000)",
            "free(1)",
            "pumping(20)",
            "free(1)",
            "Microwave0(15)",
            "*free(10)",
            "Microwave0(15)",
            "free(1)",
            "detection(400)"
        ],
        "370PumingTimeScan": [
            "cooling(2000)",
            "free(1)",
            "*pumping(5)",
            "free(1)",
            "detection(400)"
        ],
        "CCDcooling": [
            "cooling(4000)",
            "free(1)",
            "CCD(155)",
            "cooling(1000)",
            "detectionfree(400)"
        ],
        "CCDdetection": [
            "Frepump(4500)",
            "free(1)",
            "CCD(155)",
            "ccddet(1000)",
            "detectionfree(400)"
        ],
        "CCDpumping": [
            "Frepump(5000)",
            "free(1)",
            "pumping(20)",
            "free(1)",
            "CCD(155)",
            "ccddet(1000)",
            "detectionfree(1000)"
        ],
        "CCDMW": [
            "Frepump(4500)",
            "free(1)",
            "pumping(20)",
            "free(1)",
            "*Microwave0(10)",
            "CCD(155)",
            "ccddet(1000)",
            "detectionfree(400)"
        ],
        "CCDMWramsey": [
            "cooling(4500)",
            "free(1)",
            "pumping(20)",
            "free(1)",
            "Microwave0(15)",
            "*free(1)",
            "Microwave0(15)",
            "CCD(155)",
            "ccddet(1000)",
            "detectionfree(400)"
        ],
        "Global411rabi": [
            "Frepump(2000)",
            "free(1)",
            "pumping(10)",
            "free(1)",
            "*GlobalAWG2(100)",
            "cooling(500)",
            "free(1)",
            "detectioncooling(400)"
        ],
        "411Rabii1": [
            "Frepump(1000)",
            "cooling(1000)",
            "free(1)",
            "pumping(10)",
            "free(1)",
            "*Laser411i1(5)",
            "cooling(500)",
            "free(1)",
            "detectioncooling(400)"
        ],
        "411i1": [
            "Frepump(1000)",
            "cooling(1000)",
            "free(1)",
            "pumping(10)",
            "free(1)",
            "Laser411i1(5)",
            "cooling(500)",
            "free(1)",
            "detectioncooling(400)"
        ],
        "411Rabii2": [
            "Frepump(3000)",
            "free(1)",
            "pumping(20)",
            "free(1)",
            "*Laser411i2(5)",
            "cooling(500)",
            "free(1)",
            "detectioncooling(400)"
        ],
        "CCD411Rabii1": [
            "Frepump(4000)",
            "free(1)",
            "pumping(20)",
            "free(1)",
            "*Laser411i1(5)",
            "cooling(500)",
            "CCD(155)",
            "ccddetcooling(1000)",
            "detectionfree(400)"
        ],
        "CCD411Rabii2": [
            "Frepump(4000)",
            "free(1)",
            "pumping(10)",
            "free(1)",
            "*Laser411i2(5)",
            "cooling(500)",
            "CCD(155)",
            "ccddetcooling(1000)",
            "detectionfree(400)"
        ],
        "CCD411i1": [
            "Frepump(4500)",
            "free(1)",
            "pumping(20)",
            "free(1)",
            "Laser411i1(5)",
            "cooling(500)",
            "CCD(155)",
            "ccddetcooling(1000)",
            "detectionfree(400)"
        ],
        "CCD411i2": [
            "Frepump(4500)",
            "free(1)",
            "pumping(20)",
            "free(1)",
            "Laser411i2(5)",
            "cooling(500)",
            "CCD(155)",
            "ccddetcooling(1000)",
            "detectionfree(400)"
        ],
        "CCDGlobal411Rabi0": [
            "Frepump(5000)",
            "free(1)",
            "Laser976(10)",
            "pumping(50)",
            "freeNE(1)",
            "*GlobalNconv2(5)",
            "CCD(155)",
            "ccddetcooling(1000)",
            "detectionfree(1000)"
        ],
        "CCDGlobal411Rabim1": [
            "Frepump(5000)",
            "free(1)",
            "Laser976(10)",
            "pumping(50)",
            "freeNEm411(2)",
            "*GlobalNconvm2(5)",
            "CCD(155)",
            "ccddetcooling(1000)",
            "detectionfree(1000)"
        ],
        "CCDGlobal411Rabip1": [
            "Frepump(5000)",
            "free(1)",
            "Laser976(10)",
            "pumping(50)",
            "freeNEp411(2)",
            "*GlobalNconvp2(5)",
            "CCD(155)",
            "ccddetcooling(1000)",
            "detectionfree(1000)"
        ],
        "CCD3432976repump": [
            "Frepump(6000)",
            "CCD(155)",
            "ccddetcooling(1000)",
            "detectionfree(400)"
        ],
        "3432976repump": [
            "Frepump(2000)",
            "detectioncooling(1000)"
        ],
        "PMT411i1ACS": [
            "Frepump(2000)",
            "free(1)",
            "pumping(20)",
            "free(1)",
            "Microwave0(16)",
            "free(1)",
            "*Laser411i1(20)",
            "free(1)",
            "Microwave1(16)",
            "detection(400)"
        ],
        "411i1ACS": [
            "Frepump(4500)",
            "free(1)",
            "pumping(20)",
            "free(1)",
            "Microwave0(16)",
            "free(1)",
            "*Laser411i1(15)",
            "free(1)",
            "Microwave1(16)",
            "CCD(155)",
            "ccddet(1000)",
            "detectionfree(400)"
        ],
        "PMT411i2ACS": [
            "Frepump(2000)",
            "free(1)",
            "pumping(20)",
            "free(1)",
            "Microwave0(16)",
            "free(1)",
            "*Laser411i2(700)",
            "free(1)",
            "Microwave1(16)",
            "detection(400)"
        ],
        "411i2ACS": [
            "Frepump(4500)",
            "free(1)",
            "pumping(20)",
            "free(1)",
            "Microwave0(16)",
            "free(1)",
            "*Laser411i2(20)",
            "free(1)",
            "Microwave1(16)",
            "CCD(155)",
            "ccddet(1000)",
            "detectionfree(400)"
        ],
        "PMTSDF": [
            "Frepump(2000)",
            "free(1)",
            "pumping(20)",
            "free(1)",
            "Microwave0(16)",
            "free(1)",
            "*SDF411(700)",
            "free(1)",
            "Microwave1(16)",
            "detection(400)"
        ]
    },
    "switch_code": {
        "399": 1,
        "protection": 2,
        "null": 4,
        "ablationTrigger": 8,
        "PMT": 16
    }
}